Tournament,PlayerID,Name,FName,Club,Lineup,Position,Price
1009899,4388229,Gloukh,Oscar,AJA,expected,midfielder,6.5
1009899,4388230,Bouwman,Aaron,AJA,unexpected,defender,4
1009899,4388231,Pasveer,Remko,AJA,unexpected,goalkeeper,4
1009899,4388232,Heerkens,Joeri,AJA,unexpected,goalkeeper,4
1009899,4388233,Klaassen,Davy,AJA,possible,midfielder,5.5
1009899,4388234,Sutalo ,Josip,AJA,unexpected,defender,4.5
1009899,4388235,McConnell,James,AJA,unexpected,midfielder,4.5
1009899,4388236,van den Boomen ,Branco,AJA,injured,midfielder,4.5
1009899,4388237,Weghorst,Wout,AJA,expected,forward,6
1009899,4388238,Godts,Mika,AJA,unexpected,midfielder,5.5
1009899,4388239,Dolberg,Kasper,AJA,unexpected,forward,7
1009899,4388240,Edvardsen,Oliver,AJA,unexpected,midfielder,5
1009899,4388241,Itakura,Ko,AJA,expected,defender,4.5
1009899,4388242,Wijndal,Owen,AJA,expected,defender,4.5
1009899,4388243,Gaaei,Anton,AJA,possible,defender,5
1009899,4388244,Rosa,Lucas,AJA,expected,defender,4.5
1009899,4388245,Fitz-Jim,Kian,AJA,expected,midfielder,5
1009899,4388246,Berghuis,Steven,AJA,expected,midfielder,6
1009899,4388247,Jaros,Vitezslav,AJA,expected,goalkeeper,4.5
1009899,4388248,Moro,Raul,AJA,expected,midfielder,5
1009899,4388249,Regeer,Youri,AJA,unexpected,midfielder,4.5
1009899,4388250,Konadu,Don-Angelo,AJA,unexpected,forward,4.5
1009899,4388251,Mokio,Jorthy,AJA,unexpected,midfielder,4.5
1009899,4388252,Taylor,Kenneth,AJA,expected,midfielder,5.5
1009899,4388253,Baas,Youri,AJA,expected,defender,4.5
1009899,4388254,Saliba,William,ARS,expected,defender,6
1009899,4388255,Mosquera,Cristhian,ARS,unexpected,defender,5
1009899,4388256,Merino,Mikel,ARS,possible,midfielder,6
1009899,4388257,Timber,Jurrien,ARS,expected,defender,6
1009899,4388258,Hincapie,Piero,ARS,possible,defender,5.5
1009899,4388259,Rice,Declan,ARS,expected,midfielder,7
1009899,4388260,Norgaard ,Christian,ARS,unexpected,midfielder,5
1009899,4388261,Raya,David,ARS,expected,goalkeeper,6
1009899,4388262,Martinelli,Gabriel,ARS,expected,midfielder,7.5
1009899,4388263,White,Ben,ARS,unexpected,defender,5.5
1009899,4388264,Trossard,Leandro,ARS,unexpected,midfielder,7.5
1009899,4388265,Calafiori,Riccardo,ARS,expected,defender,6
1009899,4388266,Saka,Bukayo,ARS,injured,midfielder,11
1009899,4388267,Gabriel,Gabriel,ARS,expected,defender,6
1009899,4388268,Zubimendi,Martin,ARS,expected,midfielder,5
1009899,4388269,Arrizabalaga,Kepa,ARS,unexpected,goalkeeper,5.5
1009899,4388270,Madueke,Noni,ARS,expected,midfielder,6.5
1009899,4388271,Odegaard ,Martin,ARS,expected,midfielder,7
1009899,4388272,Gyokeres,Viktor,ARS,expected,forward,10.5
1009899,4388273,Havertz ,Kai,ARS,injured,forward,8
1009899,4388274,Eze,Eberechi,ARS,possible,midfielder,8.5
1009899,4388275,Dowman,Max,ARS,unexpected,midfielder,5.5
1009899,4388276,Scalvini,Giorgio,ATA,expected,defender,5
1009899,4388277,Djimsiti,Berat,ATA,expected,defender,5
1009899,4388278,Rossi,Francesco,ATA,unexpected,goalkeeper,4
1009899,4388279,Kolasinac ,Sead,ATA,unexpected,defender,5
1009899,4388280,Kossounou,Odilon,ATA,possible,defender,5
1009899,4388281,Carnesecchi,Marco,ATA,expected,goalkeeper,5
1009899,4388282,Hien,Isak,ATA,expected,defender,5
1009899,4388283,Bellanova,Raoul,ATA,expected,defender,6
1009899,4388284,Sportiello,Marco,ATA,unexpected,goalkeeper,4.5
1009899,4388285,Bernasconi,Lorenzo,ATA,unexpected,midfielder,4.5
1009899,4388286,Pasalic,Mario,ATA,expected,midfielder,6
1009899,4388287,Zalewski,Nicola,ATA,expected,midfielder,6.5
1009899,4388288,Ahanor,Honest,ATA,unexpected,defender,4.5
1009899,4388289,Krstovic,Nikola,ATA,unexpected,forward,6
1009899,4388290,De Ketelaere,Charles,ATA,expected,midfielder,7.5
1009899,4388291,Ederson,Ederson,ATA,injured,midfielder,5
1009899,4388292,Sulemana,Kamaldeen,ATA,unexpected,midfielder,5.5
1009899,4388293,de Roon ,Marten,ATA,expected,midfielder,5
1009899,4388294,Brescianini,Marco,ATA,unexpected,midfielder,4.5
1009899,4388295,Maldini,Daniel,ATA,expected,midfielder,6.5
1009899,4388296,Samardzic,Lazar,ATA,unexpected,midfielder,5.5
1009899,4388297,Lookman ,Ademola,ATA,unexpected,midfielder,8
1009899,4388298,Musah,Yunus,ATA,possible,midfielder,5
1009899,4388299,Zappacosta,Davide,ATA,possible,defender,6
1009899,4388300,Scamacca,Gianluca,ATA,expected,forward,7
1009899,4388301,Paredes,Aitor,ATH,expected,defender,5
1009899,4388302,Areso,Jesus,ATH,expected,defender,5
1009899,4388303,Gorosabel,Andoni,ATH,unexpected,defender,5
1009899,4388304,Boiro,Adama,ATH,unexpected,defender,4.5
1009899,4388305,Lekue,Inigo,ATH,unexpected,defender,4.5
1009899,4388306,Padilla,Alex,ATH,unexpected,goalkeeper,4.5
1009899,4388307,Vivian,Dani,ATH,expected,defender,5
1009899,4388308,Simon,Unai,ATH,expected,goalkeeper,5
1009899,4388309,Berchiche,Yuri,ATH,expected,defender,5
1009899,4388310,de Luis,Jon,ATH,unexpected,defender,4.5
1009899,4388311,Ruiz de Galarreta,Inigo,ATH,expected,midfielder,5
1009899,4388312,Navarro,Robert,ATH,unexpected,midfielder,5.5
1009899,4388313,Berenguer,Alex,ATH,expected,midfielder,6
1009899,4388314,Williams,Nico,ATH,expected,midfielder,7
1009899,4388315,Guruzeta,Gorka,ATH,unexpected,forward,6
1009899,4388316,Sancet,Oihan,ATH,expected,midfielder,7.5
1009899,4388317,Jauregizar,Mikel,ATH,expected,midfielder,5
1009899,4388318,Williams ,Inaki,ATH,expected,midfielder,6.5
1009899,4388319,Gomez,Unai,ATH,unexpected,midfielder,5.5
1009899,4388320,Vesga,Mikel,ATH,unexpected,midfielder,4.5
1009899,4388321,Sannadi,Maroan,ATH,possible,forward,6.5
1009899,4388322,Serrano,Nico,ATH,unexpected,midfielder,4.5
1009899,4388323,Prados,Benat,ATH,possible,midfielder,5
1009899,4388324,Cardoso,Johnny,ATM,expected,midfielder,5
1009899,4388325,Koke,Koke,ATM,possible,midfielder,5
1009899,4388326,Gonzalez,Nico,ATM,possible,midfielder,6
1009899,4388327,Barrios,Pablo,ATM,expected,midfielder,5
1009899,4388328,Llorente,Marcos,ATM,expected,defender,5.5
1009899,4388329,Galan,Javi,ATM,unexpected,defender,5
1009899,4388330,Lenglet,Clement,ATM,expected,defender,5
1009899,4388331,Musso,Juan,ATM,unexpected,goalkeeper,4.5
1009899,4388332,Raspadori,Giacomo,ATM,unexpected,forward,6.5
1009899,4388333,Martin,Carlos,ATM,unexpected,midfielder,4.5
1009899,4388334,Simeone,Giuliano,ATM,expected,midfielder,7
1009899,4388335,Pubill,Marc,ATM,unexpected,defender,4.5
1009899,4388336,Almada,Thiago,ATM,expected,midfielder,6
1009899,4388337,Alvarez,Julian,ATM,expected,forward,9
1009899,4388338,Gimenez,Jose Maria,ATM,injured,defender,5
1009899,4388339,Gallagher,Conor,ATM,unexpected,midfielder,5.5
1009899,4388340,Molina,Nahuel,ATM,unexpected,defender,5
1009899,4388341,Le Normand,Robin,ATM,expected,defender,5
1009899,4388342,Ruggeri,Matteo,ATM,unexpected,defender,5
1009899,4388343,Hancko,David,ATM,expected,defender,5
1009899,4388344,Oblak,Jan,ATM,expected,goalkeeper,5
1009899,4388345,Baena,Alex,ATM,injured,midfielder,6.5
1009899,4388346,Sorloth,Alexander,ATM,expected,forward,7.5
1009899,4388347,Griezmann,Antoine,ATM,unexpected,midfielder,8
1009899,4388348,Rashford,Marcus,BAR,possible,midfielder,6.5
1009899,4388349,Garcia,Eric,BAR,possible,defender,6
1009899,4388350,Raphinha,Raphinha,BAR,expected,midfielder,11.5
1009899,4388351,Kounde,Jules,BAR,expected,defender,6.5
1009899,4388352,ter Stegen,Marc-Andre,BAR,injured,goalkeeper,5.5
1009899,4388353,Cubarsi,Pau,BAR,expected,defender,6
1009899,4388354,Pedri,Pedri,BAR,expected,midfielder,6.5
1009899,4388355,Lopez,Fermin,BAR,unexpected,midfielder,7
1009899,4388356,Yamal,Lamine,BAR,expected,midfielder,10.5
1009899,4388357,Martin,Gerard,BAR,unexpected,defender,6
1009899,4388358,Bernal,Marc,BAR,injured,midfielder,5
1009899,4388359,Garcia,Joan,BAR,expected,goalkeeper,6
1009899,4388360,Lewandowski,Robert,BAR,expected,forward,11
1009899,4388361,Christensen,Andreas,BAR,unexpected,defender,5.5
1009899,4388362,Szczesny,Wojciech,BAR,unexpected,goalkeeper,5
1009899,4388363,Casado,Marc,BAR,unexpected,midfielder,5
1009899,4388364,Balde,Alejandro,BAR,expected,defender,6.5
1009899,4388365,Araujo,Ronald,BAR,expected,defender,6
1009899,4388366,Gavi,Gavi,BAR,unexpected,midfielder,6
1009899,4388367,Olmo,Dani,BAR,expected,midfielder,7.5
1009899,4388368,Torres,Ferran,BAR,possible,forward,7.5
1009899,4388369,de Jong,Frenkie,BAR,expected,midfielder,5.5
1009899,4388370,Bardhji,Roony,BAR,unexpected,midfielder,6
1009899,4388371,Tah,Jonathan,FCB,expected,defender,5.5
1009899,4388372,Stanisic,Josip,FCB,expected,defender,5.5
1009899,4388373,Jackson,Nicolas,FCB,possible,forward,7.5
1009899,4388374,Laimer,Konrad,FCB,expected,defender,5.5
1009899,4388375,Ito ,Hiroki,FCB,injured,defender,5
1009899,4388376,Guerreiro,Raphael,FCB,possible,defender,6
1009899,4388377,Kim,Min-jae,FCB,unexpected,defender,5.5
1009899,4388378,Gnabry,Serge,FCB,expected,midfielder,7
1009899,4388379,Davies ,Alphonso,FCB,injured,defender,6
1009899,4388380,Bischof,Tom,FCB,unexpected,midfielder,5
1009899,4388381,Ulreich,Sven,FCB,unexpected,goalkeeper,4.5
1009899,4388382,Kimmich,Joshua,FCB,expected,midfielder,6.5
1009899,4388383,Neuer ,Manuel,FCB,expected,goalkeeper,5.5
1009899,4388384,Pavlovic,Aleksandar,FCB,unexpected,midfielder,5
1009899,4388385,Goretzka,Leon,FCB,expected,midfielder,5.5
1009899,4388386,Kane,Harry,FCB,expected,forward,11.5
1009899,4388387,Urbig,Jonas,FCB,unexpected,goalkeeper,5
1009899,4388388,Upamecano,Dayot,FCB,expected,defender,5.5
1009899,4388389,Boey,Sacha,FCB,unexpected,defender,5.5
1009899,4388390,Musiala ,Jamal,FCB,injured,midfielder,9.5
1009899,4388391,Olise,Michael,FCB,expected,midfielder,10.5
1009899,4388392,Diaz,Luis,FCB,expected,midfielder,9
1009899,4388393,Silva ,Manu,SLB,unexpected,midfielder,4.5
1009899,4388394,Bah ,Alexander,SLB,injured,defender,4.5
1009899,4388395,Trubin,Anatoliy,SLB,expected,goalkeeper,4.5
1009899,4388396,Silva,Antonio,SLB,expected,defender,4.5
1009899,4388397,Dahl,Samuel,SLB,expected,defender,5
1009899,4388398,Veloso,Joao,SLB,unexpected,midfielder,4.5
1009899,4388399,Obrador,Rafa,SLB,unexpected,defender,4
1009899,4388400,Otamendi ,Nicolas,SLB,expected,defender,5
1009899,4388401,Barreiro,Leandro,SLB,expected,midfielder,5.5
1009899,4388402,Soares,Samuel,SLB,unexpected,goalkeeper,4
1009899,4388403,Araujo,Tomas,SLB,unexpected,defender,4.5
1009899,4388404,Schjelderup,Andreas,SLB,expected,midfielder,6.5
1009899,4388405,Prestianni,Gianluca,SLB,unexpected,midfielder,5
1009899,4388406,Pavlidis,Vangelis,SLB,expected,forward,7.5
1009899,4388407,Lukebakio,Dodi,SLB,unexpected,midfielder,7
1009899,4388408,Aursnes,Fredrik,SLB,expected,midfielder,6
1009899,4388409,Ivanovic,Franjo,SLB,possible,forward,6
1009899,4388410,Bruma,Bruma,SLB,injured,midfielder,5
1009899,4388411,Barrenechea,Enzo,SLB,expected,midfielder,4.5
1009899,4388412,Araujo,Henrique,SLB,unexpected,forward,5
1009899,4388413,Rios,Richard,SLB,expected,midfielder,4.5
1009899,4388414,Sudakov,Georgiy,SLB,possible,midfielder,6
1009899,4388415,Dedic,Amar,SLB,expected,defender,4.5
1009899,4388416,Rego,Joao,SLB,unexpected,midfielder,4.5
1009899,4388417,Santos,Leandro,SLB,unexpected,defender,4
1009899,4388418,Prioste,Diogo Ferreira ,SLB,unexpected,midfielder,4.5
1009899,4388419,Fet,Sondre,BOD,unexpected,midfielder,4.5
1009899,4388420,Brondbo,Magnus,BOD,unexpected,goalkeeper,4
1009899,4388421,Maatta,Isak Dybvik ,BOD,injured,midfielder,5
1009899,4388422,Helmersen,Andreas,BOD,unexpected,forward,4.5
1009899,4388423,Nielsen,Villads,BOD,expected,defender,4
1009899,4388424,Moe,Brede,BOD,injured,defender,4
1009899,4388425,Bassi,Daniel,BOD,possible,midfielder,4.5
1009899,4388426,Bro Hansen,Mikkel,BOD,unexpected,forward,5
1009899,4388427,Blomberg,Ole Didrik ,BOD,injured,midfielder,5.5
1009899,4388428,Jorgensen,Mathias,BOD,expected,midfielder,5.5
1009899,4388429,Brynhildsen,Ola,BOD,unexpected,forward,5
1009899,4388430,Bjorkan,Fredrik Andre,BOD,expected,defender,4.5
1009899,4388431,Auklend,Sondre,BOD,unexpected,midfielder,4.5
1009899,4388432,Lund,Julian Faye ,BOD,unexpected,goalkeeper,4
1009899,4388433,Evjen,Hakon,BOD,expected,midfielder,5
1009899,4388434,Sjovold,Fredrik,BOD,expected,defender,4
1009899,4388435,Bjortuft,Odin Luras ,BOD,expected,defender,4.5
1009899,4388436,Riisnaes,Magnus,BOD,unexpected,midfielder,4.5
1009899,4388437,Hauge,Jens Petter ,BOD,expected,midfielder,5.5
1009899,4388438,Gundersen,Jostein,BOD,unexpected,defender,4
1009899,4388439,Saltnes,Ulrik,BOD,expected,midfielder,6
1009899,4388440,Aleesami,Haitam,BOD,unexpected,defender,4
1009899,4388441,Haikin,Nikita,BOD,expected,goalkeeper,4.5
1009899,4388442,Berg,Patrick,BOD,expected,midfielder,5.5
1009899,4388443,Klynge,Anders,BOD,unexpected,midfielder,4.5
1009899,4388444,Hogh,Kasper,BOD,expected,forward,6
1009899,4388445,Sule,Niklas,BVB,injured,defender,4.5
1009899,4388446,Ostrzinski,Silas,BVB,unexpected,goalkeeper,4
1009899,4388447,Kabar,Almugera,BVB,unexpected,defender,4.5
1009899,4388448,Svensson,Daniel,BVB,expected,defender,5
1009899,4388449,Beier,Maximilian,BVB,expected,forward,6.5
1009899,4388450,Mane,Filippo,BVB,expected,defender,4.5
1009899,4388451,Brandt,Julian,BVB,expected,midfielder,7
1009899,4388452,Guirassy,Serhou,BVB,expected,forward,8.5
1009899,4388453,Gross,Pascal,BVB,possible,midfielder,6
1009899,4388454,Sabitzer,Marcel,BVB,expected,midfielder,5
1009899,4388455,Schlotterbeck ,Nico,BVB,injured,defender,5
1009899,4388456,Campbell,Cole,BVB,unexpected,midfielder,4.5
1009899,4388457,Can ,Emre,BVB,unexpected,midfielder,5.5
1009899,4388458,Couto,Yan,BVB,unexpected,defender,5
1009899,4388459,Anton,Waldemar,BVB,expected,defender,5
1009899,4388460,Adeyemi,Karim,BVB,possible,midfielder,7.5
1009899,4388461,Nmecha,Felix,BVB,possible,midfielder,5.5
1009899,4388462,Silva,Fabio,BVB,unexpected,forward,6
1009899,4388463,Kobel,Gregor,BVB,expected,goalkeeper,5
1009899,4388464,Bensebaini,Ramy,BVB,expected,defender,5
1009899,4388465,Anselmino,Aaron,BVB,expected,defender,4.5
1009899,4388466,Chukwuemeka,Carney,BVB,unexpected,midfielder,5
1009899,4388467,Meyer,Alexander,BVB,unexpected,goalkeeper,4.5
1009899,4388468,Bellingham,Jobe,BVB,expected,midfielder,5.5
1009899,4388469,Ryerson,Julian,BVB,possible,defender,5
1009899,4388470,Caicedo,Moises,CHE,expected,midfielder,5.5
1009899,4388471,Garnacho,Alejandro,CHE,unexpected,midfielder,6.5
1009899,4388472,Chalobah,Trevoh,CHE,expected,defender,5.5
1009899,4388473,Santos,Andrey,CHE,unexpected,midfielder,5
1009899,4388474,Delap,Liam,CHE,injured,forward,7
1009899,4388475,James ,Reece,CHE,expected,defender,5.5
1009899,4388476,Pedro,Joao,CHE,expected,forward,9.5
1009899,4388477,Adarabioyo,Tosin,CHE,expected,defender,5.5
1009899,4388478,Hato,Jorrel,CHE,unexpected,defender,5.5
1009899,4388479,Estevao,Estevao,CHE,expected,midfielder,6.5
1009899,4388480,Guiu,Marc,CHE,unexpected,forward,5.5
1009899,4388481,Essugo,Dario,CHE,injured,midfielder,5
1009899,4388482,Jorgensen,Filip,CHE,unexpected,goalkeeper,5
1009899,4388483,Gittens,Jamie,CHE,expected,midfielder,7
1009899,4388484,Fofana,Wesley,CHE,unexpected,defender,5
1009899,4388485,Sanchez,Robert,CHE,expected,goalkeeper,5.5
1009899,4388486,Neto,Pedro,CHE,expected,midfielder,8
1009899,4388487,Colwill ,Levi,CHE,injured,defender,5.5
1009899,4388488,Badiashile ,Benoit,CHE,injured,defender,5
1009899,4388489,Gusto,Malo,CHE,possible,defender,5.5
1009899,4388490,Palmer,Cole,CHE,possible,midfielder,10
1009899,4388491,Fernandez,Enzo,CHE,expected,midfielder,7.5
1009899,4388492,Cucurella,Marc,CHE,expected,defender,6
1009899,4388493,Nilsson ,Gustaf,BRU,unexpected,forward,5
1009899,4388494,Vetlesen,Hugo,BRU,unexpected,midfielder,4.5
1009899,4388495,Reis,Ludovit,BRU,possible,midfielder,4.5
1009899,4388496,Tzolis,Christos,BRU,expected,midfielder,7
1009899,4388497,Mechele,Brandon,BRU,expected,defender,4.5
1009899,4388498,Vanaken ,Hans,BRU,expected,midfielder,6.5
1009899,4388499,Sandra,Cisse,BRU,unexpected,midfielder,4.5
1009899,4388500,Mignolet,Simon,BRU,expected,goalkeeper,4.5
1009899,4388501,Diakhon,Mamadou,BRU,unexpected,midfielder,5
1009899,4388502,Onyedika,Raphael,BRU,expected,midfielder,4.5
1009899,4388503,Stankovic,Aleksandar,BRU,expected,midfielder,4.5
1009899,4388504,Forbs,Carlos,BRU,expected,midfielder,5.5
1009899,4388505,Sabbe,Kyriani,BRU,expected,defender,4.5
1009899,4388506,Siquet ,Hugo,BRU,unexpected,defender,4.5
1009899,4388507,Audoor,Lynnt,BRU,unexpected,midfielder,4.5
1009899,4388508,Ordonez,Joel,BRU,unexpected,defender,4.5
1009899,4388509,Seys,Joaquin,BRU,expected,defender,5
1009899,4388510,Granados,Alejandro,BRU,unexpected,midfielder,4.5
1009899,4388511,Furo,Kaye,BRU,unexpected,forward,4.5
1009899,4388512,Spileers,Jorne,BRU,expected,defender,4.5
1009899,4388513,Osuji,Vince,BRU,unexpected,defender,4
1009899,4388514,Tresoldi,Nicolo,BRU,expected,forward,5.5
1009899,4388515,Jackers,Nordin,BRU,unexpected,goalkeeper,4.5
1009899,4388516,van den Heuvel,Dani,BRU,unexpected,goalkeeper,4
1009899,4388517,Vermant,Romeo,BRU,possible,forward,6
1009899,4388518,Meijer,Bjorn,BRU,unexpected,defender,4.5
1009899,4388519,Skoras,Michal,BRU,unexpected,midfielder,5
1009899,4388520,Romero,Zaid,BRU,unexpected,defender,4
1009899,4388521,Campbell,Shandre,BRU,unexpected,midfielder,5
1009899,4388522,Robert,Robert,COP,possible,midfielder,5
1009899,4388523,Larsson,Jordan,COP,expected,midfielder,6
1009899,4388524,Runarsson,Runar Alex ,COP,unexpected,goalkeeper,4
1009899,4388525,Lerager,Lukas,COP,expected,midfielder,4.5
1009899,4388526,Kotarski,Dominik,COP,expected,goalkeeper,4.5
1009899,4388527,Achouri,Elias,COP,expected,midfielder,5.5
1009899,4388528,Elyounoussi,Mohamed,COP,expected,midfielder,6
1009899,4388529,Suzuki ,Junnosuke,COP,unexpected,defender,4
1009899,4388530,Hatzidiakos,Pantelis,COP,expected,defender,4.5
1009899,4388531,Cornelius,Andreas,COP,expected,forward,5
1009899,4388532,Moukoko,Youssoufa,COP,possible,forward,5.5
1009899,4388533,Mattsson,Magnus,COP,expected,midfielder,5.5
1009899,4388534,Meling,Birger,COP,unexpected,defender,4
1009899,4388535,Huescas,Rodrigo,COP,expected,defender,4.5
1009899,4388536,Garananga,Munashe,COP,unexpected,defender,4
1009899,4388537,Clem,William,COP,possible,midfielder,4.5
1009899,4388538,Sarapata,Dominik,COP,unexpected,midfielder,4.5
1009899,4388539,Zague,Yoram,COP,unexpected,defender,4
1009899,4388540,Delaney,Thomas,COP,unexpected,midfielder,4.5
1009899,4388541,Claesson ,Viktor,COP,unexpected,forward,5
1009899,4388542,Lopez,Marcos,COP,expected,defender,4.5
1009899,4388543,Pereira,Gabriel,COP,expected,defender,4.5
1009899,4388544,Madsen,Mads Emil,COP,unexpected,midfielder,4.5
1009899,4388545,Chaibi,Fares,SGE,expected,midfielder,5
1009899,4388546,Buta,Aurélio,SGE,unexpected,defender,4
1009899,4388547,Knauff,Ansgar,SGE,possible,midfielder,5.5
1009899,4388548,Kristensen,Rasmus,SGE,expected,defender,5
1009899,4388549,Dahoud,Mahmoud,SGE,unexpected,midfielder,4.5
1009899,4388550,Baum,Elias,SGE,unexpected,defender,4.5
1009899,4388551,Uzun,Can,SGE,expected,midfielder,6
1009899,4388552,Theate ,Arthur,SGE,expected,defender,4.5
1009899,4388553,Koch,Robin,SGE,expected,defender,4.5
1009899,4388554,Wahi,Elye,SGE,possible,forward,6
1009899,4388555,Collins,Nnamdi,SGE,expected,defender,4.5
1009899,4388556,Brown ,Nathaniel,SGE,possible,defender,5
1009899,4388557,Santos ,Kauã,SGE,unexpected,goalkeeper,4.5
1009899,4388558,Zetterer,Michael,SGE,expected,goalkeeper,4.5
1009899,4388559,Skhiri ,Ellyes,SGE,unexpected,midfielder,4.5
1009899,4388560,Batshuayi,Michy,SGE,unexpected,forward,5
1009899,4388561,Chandler,Timothy,SGE,unexpected,defender,4
1009899,4388562,Burkardt,Jonathan,SGE,expected,forward,7
1009899,4388563,Grahl,Jens,SGE,unexpected,goalkeeper,4
1009899,4388564,Amenda,Aurèle,SGE,unexpected,defender,4
1009899,4388565,Hojlund,Oscar,SGE,unexpected,midfielder,4.5
1009899,4388566,Gotze,Mario,SGE,unexpected,midfielder,5
1009899,4388567,Doan,Ritsu,SGE,expected,midfielder,6.5
1009899,4388568,Bahoya,Jean-Matteo,SGE,expected,midfielder,6.5
1009899,4388569,Larsson,Hugo,SGE,expected,midfielder,5.5
1009899,4388570,Baltaci,Metehan,GAL,unexpected,defender,4
1009899,4388571,Kutucu,Ahmed,GAL,unexpected,midfielder,4.5
1009899,4388572,Torreira,Lucas,GAL,expected,midfielder,5
1009899,4388573,Kutlu,Berkan,GAL,unexpected,midfielder,4.5
1009899,4388574,Sanchez,Davinson,GAL,expected,defender,5
1009899,4388575,Yilmaz,Baris Alper ,GAL,unexpected,midfielder,6.5
1009899,4388576,Bardakci,Abdulkerim,GAL,expected,defender,4.5
1009899,4388577,Icardi ,Mauro,GAL,possible,forward,6
1009899,4388578,Singo,Wilfried,GAL,unexpected,defender,5
1009899,4388579,Ayhan,Kaan,GAL,unexpected,midfielder,4.5
1009899,4388580,Akgun,Yunus,GAL,expected,midfielder,6
1009899,4388581,Lemina,Mario,GAL,expected,midfielder,4.5
1009899,4388582,Guvenc,Gunay,GAL,expected,goalkeeper,4
1009899,4388583,Gundogan,Ilkay,GAL,possible,midfielder,5.5
1009899,4388584,Sen,Batuhan,GAL,unexpected,goalkeeper,4
1009899,4388585,Sara,Gabriel,GAL,expected,midfielder,5
1009899,4388586,Demir,Yusuf,GAL,unexpected,midfielder,5
1009899,4388587,Cakır ,Ugurcan,GAL,unexpected,goalkeeper,4.5
1009899,4388588,Sallai,Roland,GAL,expected,defender,5
1009899,4388589,Elmali,Eren,GAL,expected,defender,5
1009899,4388590,Jakobs,Ismail,GAL,unexpected,defender,4.5
1009899,4388591,Sane,Leroy,GAL,expected,midfielder,6.5
1009899,4388592,Osimhen,Victor,GAL,expected,forward,7.5
1009899,4388593,Calhanoglu,Hakan,INT,expected,midfielder,7
1009899,4388594,Bastoni,Alessandro,INT,expected,defender,5
1009899,4388595,Martinez ,Lautaro,INT,expected,forward,9
1009899,4388596,Augusto,Carlos,INT,possible,defender,5.5
1009899,4388597,Sucic,Petar,INT,unexpected,midfielder,5
1009899,4388598,Frattesi ,Davide,INT,unexpected,midfielder,5.5
1009899,4388599,Thuram,Marcus,INT,expected,forward,8.5
1009899,4388600,Mkhitaryan,Henrikh,INT,expected,midfielder,5
1009899,4388601,Bonny,Ange-Yoan,INT,unexpected,forward,6.5
1009899,4388602,Darmian,Matteo,INT,unexpected,defender,5
1009899,4388603,Di Gennaro,Raffaele,INT,unexpected,goalkeeper,4
1009899,4388604,Acerbi,Francesco,INT,expected,defender,4.5
1009899,4388605,Dumfries,Denzel,INT,expected,defender,6
1009899,4388606,Sommer,Yann,INT,expected,goalkeeper,5
1009899,4388607,Henrique,Luis,INT,possible,midfielder,7
1009899,4388608,Martinez,Josep,INT,unexpected,goalkeeper,4.5
1009899,4388609,Barella,Nicolo,INT,expected,midfielder,6.5
1009899,4388610,Diouf,Andy,INT,unexpected,midfielder,5
1009899,4388611,Dimarco,Federico,INT,expected,defender,5.5
1009899,4388612,Zielinski,Piotr,INT,unexpected,midfielder,5
1009899,4388613,de Vrij,Stefan,INT,unexpected,defender,5
1009899,4388614,Bisseck,Yann,INT,expected,defender,5
1009899,4388615,Akanji,Manuel,INT,possible,defender,5
1009899,4388616,Kelly,Lloyd,JUV,expected,defender,4.5
1009899,4388617,McKennie,Weston,JUV,unexpected,midfielder,6
1009899,4388618,Koopmeiners,Teun,JUV,possible,midfielder,6.5
1009899,4388619,Conceicao,Francisco,JUV,expected,midfielder,7
1009899,4388620,Zhegrova ,Edon,JUV,unexpected,midfielder,7
1009899,4388621,Perin,Mattia,JUV,unexpected,goalkeeper,4.5
1009899,4388622,Mario,Joao,JUV,possible,defender,5
1009899,4388623,David,Jonathan,JUV,expected,forward,8.5
1009899,4388624,Kostic,Filip,JUV,possible,midfielder,4.5
1009899,4388625,Thuram,Khephren,JUV,expected,midfielder,6
1009899,4388626,Locatelli ,Manuel,JUV,expected,midfielder,5.5
1009899,4388627,Adzic,Vasilije,JUV,unexpected,midfielder,5
1009899,4388628,Rouhi,Jonas,JUV,unexpected,defender,4.5
1009899,4388629,Cabal,Juan,JUV,injured,defender,4.5
1009899,4388630,Di Gregorio,Michele,JUV,expected,goalkeeper,5
1009899,4388631,Gatti,Federico,JUV,expected,defender,5
1009899,4388632,Rugani,Daniele,JUV,unexpected,defender,4.5
1009899,4388633,Bremer,Bremer,JUV,expected,defender,5
1009899,4388634,Yildiz,Kenan,JUV,expected,midfielder,7.5
1009899,4388635,Cambiaso,Andrea,JUV,expected,defender,5.5
1009899,4388636,Miretti,Fabio,JUV,unexpected,midfielder,5
1009899,4388637,Pinsoglio,Carlo,JUV,unexpected,goalkeeper,4
1009899,4388638,Kalulu,Pierre,JUV,expected,defender,5
1009899,4388639,Openda,Lois,JUV,unexpected,forward,7.5
1009899,4388640,Vlahovic,Dusan,JUV,possible,forward,8
1009899,4388641,Tapalov,Erkin,KAI,unexpected,defender,4
1009899,4388642,Kasabulat,Damir,KAI,expected,defender,4
1009899,4388643,Zaria,Giorgi,KAI,unexpected,midfielder,5
1009899,4388644,Baybek,Olzhas,KAI,unexpected,midfielder,4.5
1009899,4388645,Mrynskiy,Aleksandr,KAI,expected,defender,4
1009899,4388646,Ricardinho,Ricardinho,KAI,possible,forward,5
1009899,4388647,Sadybekov,Adilet,KAI,unexpected,midfielder,4.5
1009899,4388648,Bekbolat,Ismail,KAI,unexpected,midfielder,4.5
1009899,4388649,Martynovich ,Aleksandr,KAI,expected,defender,4
1009899,4388650,Gromyko,Valeriy,KAI,expected,midfielder,5.5
1009899,4388651,Glazer,Dan,KAI,injured,midfielder,4.5
1009899,4388652,Gadrani,Luka,KAI,unexpected,defender,4
1009899,4388653,Kurgin,Lev,KAI,unexpected,defender,4
1009899,4388654,Bagdat,Ramazan,KAI,unexpected,midfielder,4.5
1009899,4388655,Zarutskiy,Aleksandr,KAI,injured,goalkeeper,4.5
1009899,4388656,Edmilson,Edmilson,KAI,expected,forward,5
1009899,4388657,Arad,Ofri,KAI,expected,midfielder,4.5
1009899,4388658,Sorokin,Egor,KAI,expected,defender,4
1009899,4388659,Mata,Luis,KAI,expected,defender,4
1009899,4388660,Stanojev,Jug,KAI,unexpected,midfielder,4.5
1009899,4388661,Satpaev,Dastan,KAI,expected,forward,6
1009899,4388662,Jorginho,Jorginho,KAI,expected,midfielder,6
1009899,4388663,Shirobokov,Aleksandr,KAI,unexpected,defender,4
1009899,4388664,Anarbekov,Temirlan,KAI,expected,goalkeeper,4
1009899,4388665,Maza,Ibrahim,B04,unexpected,midfielder,5
1009899,4388666,Echeverri ,Claudio,B04,unexpected,midfielder,4.5
1009899,4388667,Kofane,Christian,B04,unexpected,forward,5.5
1009899,4388668,Bade,Loic,B04,possible,defender,5
1009899,4388669,Grimaldo,Alejandro,B04,expected,defender,6
1009899,4388670,Vazquez ,Lucas,B04,expected,defender,4.5
1009899,4388671,Garcia,Aleix,B04,expected,midfielder,5.5
1009899,4388672,Andrich ,Robert,B04,expected,midfielder,5
1009899,4388673,Quansah,Jarell,B04,expected,defender,5
1009899,4388674,Tella,Nathan,B04,expected,midfielder,6.5
1009899,4388675,Blaswich,Janis,B04,unexpected,goalkeeper,4.5
1009899,4388676,Tape,Axel,B04,unexpected,defender,4.5
1009899,4388677,Fernandez,Ezequiel,B04,unexpected,midfielder,4.5
1009899,4388678,Arthur,Arthur,B04,unexpected,defender,5.5
1009899,4388679,Schick,Patrik,B04,expected,forward,8
1009899,4388680,Flekken,Mark,B04,expected,goalkeeper,5
1009899,4388681,Palacios ,Exequiel,B04,possible,midfielder,5.5
1009899,4388682,Tillman ,Malik,B04,expected,midfielder,7
1009899,4388683,Tapsoba,Edmond,B04,expected,defender,5
1009899,4388684,Lomb,Niklas,B04,unexpected,goalkeeper,4
1009899,4388685,Poku,Ernest,B04,unexpected,midfielder,5.5
1009899,4388686,Ben Seghir,Eliesse,B04,expected,midfielder,6.5
1009899,4388687,Gakpo,Cody,LIV,expected,midfielder,8
1009899,4388688,Endo,Wataru,LIV,unexpected,midfielder,5.5
1009899,4388689,Szoboszlai,Dominik,LIV,expected,midfielder,7
1009899,4388690,Wirtz,Florian,LIV,expected,midfielder,8.5
1009899,4388691,Ekitike,Hugo,LIV,expected,forward,9
1009899,4388692,Jones,Curtis,LIV,possible,midfielder,6.5
1009899,4388693,Isak,Alexander,LIV,possible,forward,10
1009899,4388694,Robertson,Andrew,LIV,unexpected,defender,6
1009899,4388695,Woodman,Freddie,LIV,unexpected,goalkeeper,5
1009899,4388696,Konate,Ibrahima,LIV,expected,defender,6
1009899,4388697,Leoni,Giovanni,LIV,unexpected,defender,5.5
1009899,4388698,Alisson,Alisson,LIV,expected,goalkeeper,6
1009899,4388699,Frimpong ,Jeremie,LIV,unexpected,defender,6.5
1009899,4388700,Kerkez,Milos,LIV,expected,defender,6.5
1009899,4388701,Gravenberch,Ryan,LIV,expected,midfielder,6
1009899,4388702,Mac Allister,Alexis,LIV,expected,midfielder,7
1009899,4388703,Ngumoha,Rio,LIV,unexpected,midfielder,6
1009899,4388704,Gomez,Joe,LIV,unexpected,defender,5.5
1009899,4388705,Bradley,Conor,LIV,unexpected,defender,5.5
1009899,4388706,Mamardashvili,Giorgi,LIV,unexpected,goalkeeper,5.5
1009899,4388707,van Dijk ,Virgil,LIV,expected,defender,6
1009899,4388708,Salah,Mohamed,LIV,expected,midfielder,13
1009899,4388709,Donnarumma,Gianluigi,MCI,expected,goalkeeper,5.5
1009899,4388710,Gonzalez,Nico,MCI,expected,midfielder,5.5
1009899,4388711,Doku,Jeremy,MCI,expected,midfielder,7.5
1009899,4388712,Foden,Phil,MCI,unexpected,midfielder,8.5
1009899,4388713,Bobb,Oscar,MCI,expected,midfielder,6
1009899,4388714,Khusanov,Abdukodir,MCI,unexpected,defender,5
1009899,4388715,Cherki,Rayan,MCI,injured,midfielder,7.5
1009899,4388716,Ait-Nouri,Rayan,MCI,expected,defender,5.5
1009899,4388717,Savinho,Savinho,MCI,unexpected,midfielder,7
1009899,4388718,Stones,John,MCI,possible,defender,5.5
1009899,4388719,Gvardiol,Josko,MCI,unexpected,defender,6
1009899,4388720,Trafford,James,MCI,unexpected,goalkeeper,5
1009899,4388721,Lewis,Rico,MCI,unexpected,defender,5.5
1009899,4388722,Marmoush,Omar,MCI,possible,forward,8
1009899,4388723,Ortega,Stefan,MCI,unexpected,goalkeeper,5
1009899,4388724,O'Reilly,Nico,MCI,unexpected,midfielder,5.5
1009899,4388725,Dias,Ruben,MCI,expected,defender,5.5
1009899,4388726,Silva ,Bernardo,MCI,expected,midfielder,6
1009899,4388727,Haaland,Erling,MCI,expected,forward,12
1009899,4388728,Rodri,Rodri,MCI,possible,midfielder,6.5
1009899,4388729,Ake,Nathan,MCI,expected,defender,5
1009899,4388730,Nunes,Matheus,MCI,expected,defender,5.5
1009899,4388731,Kovacic ,Mateo,MCI,injured,midfielder,5.5
1009899,4388732,Reijnders,Tijjani,MCI,expected,midfielder,6.5
1009899,4388733,Bettinelli,Marcus,MCI,unexpected,goalkeeper,4.5
1009899,4388734,O'Riley,Matt,OM,expected,midfielder,5
1009899,4388735,Greenwood,Mason,OM,expected,midfielder,7.5
1009899,4388736,Medina,Facundo,OM,expected,defender,4.5
1009899,4388737,Weah,Timothy,OM,possible,midfielder,5.5
1009899,4388738,Vaz,Robinio,OM,unexpected,forward,4.5
1009899,4388739,Gouiri,Amine,OM,expected,forward,6
1009899,4388740,Rulli,Gerónimo,OM,expected,goalkeeper,4.5
1009899,4388741,Vermeeren,Arthur,OM,unexpected,midfielder,4.5
1009899,4388742,Pavard,Benjamin,OM,expected,defender,4.5
1009899,4388743,de Lange,Jeffrey,OM,unexpected,goalkeeper,4
1009899,4388744,Traore,Hamed Junior ,OM,expected,midfielder,6
1009899,4388745,Murillo,Amir,OM,unexpected,defender,4.5
1009899,4388746,Aubameyang,Pierre-Emerick,OM,possible,forward,7
1009899,4388747,Nadir,Bilal,OM,unexpected,midfielder,4.5
1009899,4388748,Paixao ,Igor,OM,unexpected,midfielder,6.5
1009899,4388749,Emerson,,OM,unexpected,defender,4.5
1009899,4388750,Balerdi ,Leonardo,OM,expected,defender,4.5
1009899,4388751,Hojbjerg,Pierre-Emile,OM,expected,midfielder,5
1009899,4388752,Aguerd,Nayef,OM,expected,defender,4.5
1009899,4388753,Gomes,Angel,OM,expected,midfielder,5
1009899,4388754,Kondogbia,Geoffrey,OM,unexpected,midfielder,4.5
1009899,4388755,Egan-Riley,CJ,OM,unexpected,defender,4.5
1009899,4388756,Balogun,Folarin,ASM,expected,forward,6
1009899,4388757,Henrique,Caio,ASM,expected,defender,5
1009899,4388758,Bamba,Aladji,ASM,unexpected,midfielder,4.5
1009899,4388759,Zakaria ,Denis,ASM,expected,midfielder,5
1009899,4388760,Akliouche,Maghnes,ASM,expected,midfielder,7
1009899,4388761,Mawissa,Christian,ASM,expected,defender,4.5
1009899,4388762,Teze,Jordan,ASM,expected,defender,4.5
1009899,4388763,Dier,Eric,ASM,expected,defender,4.5
1009899,4388764,Ilenikhena,George,ASM,unexpected,forward,5.5
1009899,4388765,Vanderson,Vanderson,ASM,unexpected,defender,5
1009899,4388766,Biereth,Mika,ASM,expected,forward,7.5
1009899,4388767,Minamino,Takumi,ASM,expected,midfielder,5.5
1009899,4388768,Salisu,Mohammed,ASM,unexpected,defender,4.5
1009899,4388769,Idumbo ,Stanis,ASM,injured,midfielder,5
1009899,4388770,Coulibaly,Mamadou,ASM,unexpected,midfielder,4.5
1009899,4388771,Camara,Lamine,ASM,expected,midfielder,5
1009899,4388772,Ouattara,Kassoum,ASM,unexpected,defender,4.5
1009899,4388773,Hradecky,Lukas,ASM,expected,goalkeeper,4.5
1009899,4388774,Fati,Ansu,ASM,unexpected,midfielder,4.5
1009899,4388775,Pogba,Paul,ASM,injured,midfielder,4.5
1009899,4388776,Lienard,Yann,ASM,unexpected,goalkeeper,4
1009899,4388777,Kehrer,Thilo,ASM,unexpected,defender,4.5
1009899,4388778,Stawiecki,Jules,ASM,unexpected,goalkeeper,4
1009899,4388779,Golovin,Aleksandr,ASM,possible,midfielder,4.5
1009899,4388780,Kohn,Philipp,ASM,unexpected,goalkeeper,4.5
1009899,4388781,De Bruyne,Kevin,NAP,expected,midfielder,8.5
1009899,4388782,Spinazzola,Leonardo,NAP,expected,defender,4.5
1009899,4388783,Ambrosino,Giuseppe,NAP,unexpected,forward,5
1009899,4388784,Jesus,Juan,NAP,expected,defender,4.5
1009899,4388785,Di Lorenzo ,Giovanni,NAP,expected,defender,5.5
1009899,4388786,Neres ,David,NAP,unexpected,midfielder,6.5
1009899,4388787,Vergara,Antonio,NAP,unexpected,midfielder,5
1009899,4388788,Rrahmani,Amir,NAP,expected,defender,5
1009899,4388789,Lobotka,Stanislav,NAP,expected,midfielder,5
1009899,4388790,Gutierrez ,Miguel,NAP,unexpected,defender,5
1009899,4388791,Beukema,Sam,NAP,unexpected,defender,5
1009899,4388792,Politano,Matteo,NAP,expected,midfielder,6.5
1009899,4388793,Meret,Alex,NAP,expected,goalkeeper,5
1009899,4388794,Elmas,Eljif,NAP,unexpected,midfielder,6
1009899,4388795,Olivera,Mathias,NAP,possible,defender,5
1009899,4388796,Gilmour,Billy,NAP,unexpected,midfielder,5
1009899,4388797,Contini,Nikita,NAP,unexpected,goalkeeper,4.5
1009899,4388798,Lang,Noa,NAP,unexpected,midfielder,7.5
1009899,4388799,Lucca,Lorenzo,NAP,expected,forward,7
1009899,4388800,Milinkovic-Savic,Vanja,NAP,unexpected,goalkeeper,5
1009899,4388801,Buongiorno,Alessandro,NAP,possible,defender,5
1009899,4388802,McTominay,Scott,NAP,expected,midfielder,8
1009899,4388803,Anguissa,Frank,NAP,expected,midfielder,5.5
1009899,4388804,Hojlund,Rasmus,NAP,possible,forward,7.5
1009899,4388805,Willock,Joe,NEW,unexpected,midfielder,5
1009899,4388806,Gordon,Anthony,NEW,expected,midfielder,8
1009899,4388807,Pope,Nick,NEW,expected,goalkeeper,5
1009899,4388808,Ramsdale,Aaron,NEW,unexpected,goalkeeper,4.5
1009899,4388809,Trippier,Kieran,NEW,expected,defender,5
1009899,4388810,Joelinton,Joelinton,NEW,expected,midfielder,5.5
1009899,4388811,Guimaraes,Bruno,NEW,expected,midfielder,6.5
1009899,4388812,Ramsey,Jacob,NEW,unexpected,midfielder,6
1009899,4388813,Elanga,Anthony,NEW,expected,midfielder,7.5
1009899,4388814,Thiaw,Malick,NEW,unexpected,defender,5
1009899,4388815,Murphy,Jacob,NEW,unexpected,midfielder,6.5
1009899,4388816,Wissa,Yoane,NEW,possible,forward,7.5
1009899,4388817,Barnes,Harvey,NEW,expected,midfielder,7
1009899,4388818,Krafth,Emil,NEW,unexpected,defender,4.5
1009899,4388819,Osula,William,NEW,unexpected,forward,5.5
1009899,4388820,Livramento,Tino,NEW,expected,defender,5
1009899,4388821,Woltemade,Nick,NEW,possible,forward,7
1009899,4388822,Schar,Fabian,NEW,expected,defender,5.5
1009899,4388823,Tonali,Sandro,NEW,expected,midfielder,6
1009899,4388824,Burn,Dan,NEW,expected,defender,5
1009899,4388825,Botman,Sven,NEW,unexpected,defender,5
1009899,4388826,Scipioni,Lorenzo,OLY,unexpected,midfielder,4.5
1009899,4388827,Hezze,Santiago,OLY,possible,midfielder,4.5
1009899,4388828,Pirola,Lorenzo,OLY,expected,defender,4.5
1009899,4388829,Ortega,Francisco,OLY,expected,defender,4.5
1009899,4388830,Podence,Daniel,OLY,unexpected,midfielder,6.5
1009899,4388831,Onyemaechi,Bruno,OLY,unexpected,defender,4
1009899,4388832,Nascimento,Diogo,OLY,expected,midfielder,4.5
1009899,4388833,El Kaabi,Ayoub,OLY,expected,forward,7
1009899,4388834,Tzolakis,Konstantinos,OLY,expected,goalkeeper,4.5
1009899,4388835,Biancone,Giulian,OLY,unexpected,defender,4.5
1009899,4388836,Chiquinho,Chiquinho,OLY,expected,midfielder,5.5
1009899,4388837,Yaremchuk,Roman,OLY,unexpected,forward,5
1009899,4388838,Strefezza,Gabriel,OLY,possible,midfielder,6
1009899,4388839,Kalogeropoulos,Alexios,OLY,unexpected,defender,4
1009899,4388840,Rodinei,Rodinei,OLY,expected,defender,5
1009899,4388841,Retsos ,Panagiotis,OLY,expected,defender,4.5
1009899,4388842,Paschalakis,Alexandros,OLY,unexpected,goalkeeper,4
1009899,4388843,Costinha,Costinha,OLY,unexpected,defender,4
1009899,4388844,Martins,Gelson,OLY,expected,midfielder,6
1009899,4388845,Garcia,Dani,OLY,expected,midfielder,4.5
1009899,4388846,Taremi,Mehdi,OLY,possible,forward,5.5
1009899,4388847,Sunjic,Ivan,PAP,expected,midfielder,4.5
1009899,4388848,Luiz,David,PAP,possible,defender,4
1009899,4388849,Goldar,David,PAP,expected,defender,4
1009899,4388850,Bassouamina,Mons,PAP,unexpected,forward,4.5
1009899,4388851,Jaja,Jaja,PAP,possible,midfielder,6
1009899,4388852,Bruno,Bruno,PAP,expected,defender,4
1009899,4388853,Dimata,Landry,PAP,unexpected,forward,5.5
1009899,4388854,Silva,Anderson,PAP,expected,forward,6
1009899,4388855,Luckassen,Derrick,PAP,expected,defender,4
1009899,4388856,Gorter,Jay,PAP,unexpected,goalkeeper,4
1009899,4388857,Pileas,Kostas,PAP,expected,defender,4
1009899,4388858,Orsic,Mislav,PAP,expected,midfielder,5
1009899,4388859,Pepe,Pepe,PAP,expected,midfielder,5
1009899,4388860,Michail,Neofytos,PAP,expected,goalkeeper,4.5
1009899,4388861,Quina,Domingos,PAP,unexpected,midfielder,4.5
1009899,4388862,Dragomir,Vlad,PAP,expected,midfielder,5
1009899,4388863,Sema,Ken,PAP,unexpected,midfielder,4.5
1009899,4388864,Petrou,Petros,PAP,unexpected,goalkeeper,4
1009899,4388865,Langa,Bruno,PAP,unexpected,defender,4
1009899,4388866,Correia,Joao,PAP,expected,midfielder,5.5
1009899,4388867,Ruiz,Fabian,PSG,expected,midfielder,6.5
1009899,4388868,Dembele,Ousmane,PSG,injured,forward,11
1009899,4388869,Doue,Desire,PSG,injured,midfielder,9
1009899,4388870,Barcola,Bradley,PSG,expected,midfielder,9.5
1009899,4388871,Beraldo,Lucas,PSG,unexpected,defender,6
1009899,4388872,Zabarnyi,Ilya,PSG,possible,defender,6
1009899,4388873,Vitinha,Vitinha,PSG,expected,midfielder,6.5
1009899,4388874,Mayulu,Senny,PSG,unexpected,midfielder,5.5
1009899,4388875,Ramos,Goncalo,PSG,expected,forward,7.5
1009899,4388876,Marquinhos,Marquinhos,PSG,expected,defender,6
1009899,4388877,Safonov,Matvey,PSG,unexpected,goalkeeper,5.5
1009899,4388878,Neves,Joao,PSG,expected,midfielder,6.5
1009899,4388879,Kvaratskhelia,Khvicha,PSG,expected,midfielder,8.5
1009899,4388880,Mendes,Nuno,PSG,expected,defender,6.5
1009899,4388881,Lee,Kang-in,PSG,unexpected,midfielder,6
1009899,4388882,Zaire-Emery,Warren,PSG,possible,midfielder,5.5
1009899,4388883,Chevalier,Lucas,PSG,expected,goalkeeper,6
1009899,4388884,Pacho,Willian,PSG,expected,defender,6
1009899,4388885,Hernandez,Lucas,PSG,unexpected,defender,6
1009899,4388886,Hakimi,Achraf,PSG,expected,defender,7
1009899,4388887,Marin,Renato,PSG,unexpected,goalkeeper,5
1009899,4388888,Mbaye,Ibrahim,PSG,possible,forward,5.5
1009899,4388889,Wanner,Paul,PSV,unexpected,midfielder,5
1009899,4388890,Schiks,Niek,PSV,unexpected,goalkeeper,4
1009899,4388891,Gasiorowski,Yarek,PSV,expected,defender,4.5
1009899,4388892,Olij,Nick,PSV,unexpected,goalkeeper,4
1009899,4388893,van Bommel,Ruben,PSV,expected,midfielder,5.5
1009899,4388894,Perisic,Ivan,PSV,expected,midfielder,7
1009899,4388895,Veerman,Joey,PSV,expected,midfielder,6
1009899,4388896,Sildillia,Kiliann,PSV,possible,defender,4.5
1009899,4388897,Kovar,Matej,PSV,expected,goalkeeper,4.5
1009899,4388898,Nagalo,Adamo,PSV,unexpected,defender,4
1009899,4388899,Dest,Sergino,PSV,expected,defender,5
1009899,4388900,Boadu,Myron,PSV,unexpected,forward,5.5
1009899,4388901,Schouten,Jerdy,PSV,expected,midfielder,4.5
1009899,4388902,Driouech,Couhaib,PSV,unexpected,midfielder,5
1009899,4388903,Junior,Mauro,PSV,expected,defender,4.5
1009899,4388904,Obispo,Armando,PSV,unexpected,defender,4
1009899,4388905,Saibari,Ismael,PSV,expected,midfielder,6
1009899,4388906,Man,Dennis,PSV,possible,midfielder,5.5
1009899,4388907,Til,Guus,PSV,expected,midfielder,6.5
1009899,4388908,Salah-Eddine,Anass,PSV,unexpected,defender,4.5
1009899,4388909,Pepi,Ricardo,PSV,unexpected,forward,6.5
1009899,4388910,Flamingo,Ryan,PSV,expected,defender,4.5
1009899,4388911,Bajraktarevic,Esmir,PSV,possible,midfielder,5
1009899,4388912,Silva,Matheus,QAR,expected,defender,4
1009899,4388913,Qurbanly,Musa,QAR,unexpected,forward,5
1009899,4388914,Mahammadaliyev,Shahrudin,QAR,unexpected,goalkeeper,4
1009899,4388915,Bolt,Dani,QAR,possible,defender,4
1009899,4388916,Medina,Kevin,QAR,expected,defender,4
1009899,4388917,Mustafazada,Bahlul,QAR,expected,defender,4
1009899,4388918,Huseynov ,Badavi,QAR,unexpected,defender,4
1009899,4388919,Mmaee,Samy,QAR,unexpected,defender,4
1009899,4388920,Cafarquliyev,Elvin,QAR,expected,defender,4
1009899,4388921,Jankovic,Marko,QAR,expected,midfielder,5
1009899,4388922,Duran,Camilo ,QAR,unexpected,midfielder,4.5
1009899,4388923,Addai,Emmanuel,QAR,possible,midfielder,4.5
1009899,4388924,Bicalho,Pedro,QAR,expected,midfielder,4.5
1009899,4388925,Zoubir,Abdellah,QAR,expected,midfielder,5.5
1009899,4388926,Huseynov,Abbas,QAR,unexpected,defender,4
1009899,4388927,Andrade,Leandro,QAR,expected,midfielder,6
1009899,4388928,Kashchuk,Oleksiy,QAR,unexpected,midfielder,5
1009899,4388929,Akhundzada,Nariman,QAR,expected,forward,6
1009899,4388930,Caibrayilzade,Hikmat,QAR,unexpected,midfielder,4.5
1009899,4388931,Chriso,Chriso,QAR,unexpected,midfielder,4.5
1009899,4388932,Kochalski,Mateusz,QAR,expected,goalkeeper,4.5
1009899,4388933,Bayramov,Toral,QAR,unexpected,defender,4.5
1009899,4388934,Borges,Kady,QAR,expected,midfielder,5.5
1009899,4388935,Buntic,Fabijan,QAR,unexpected,goalkeeper,4
1009899,4388936,Mbappe,Kylian,RMA,expected,forward,12.5
1009899,4388937,Alaba,David,RMA,unexpected,defender,5
1009899,4388938,Lunin,Andriy,RMA,unexpected,goalkeeper,5
1009899,4388939,Garcia,Gonzalo,RMA,unexpected,forward,6
1009899,4388940,Alexander-Arnold,Trent,RMA,expected,defender,6
1009899,4388941,Huijsen,Dean,RMA,expected,defender,5.5
1009899,4388942,Rudiger ,Antonio,RMA,expected,defender,5.5
1009899,4388943,Ceballos,Dani,RMA,unexpected,midfielder,5.5
1009899,4388944,Diaz,Brahim,RMA,unexpected,midfielder,7
1009899,4388945,Asencio,Raul,RMA,unexpected,defender,5.5
1009899,4388946,Vinicius Junior,Vinicius Junior,RMA,expected,midfielder,11
1009899,4388947,Camavinga ,Eduardo,RMA,possible,midfielder,5.5
1009899,4388948,Carreras,Alvaro,RMA,expected,defender,5.5
1009899,4388949,Garcia,Fran,RMA,unexpected,defender,5
1009899,4388950,Mendy,Ferland,RMA,unexpected,defender,5
1009899,4388951,Carvajal ,Daniel,RMA,possible,defender,5.5
1009899,4388952,Courtois,Thibaut,RMA,expected,goalkeeper,5.5
1009899,4388953,Militao,Eder,RMA,unexpected,defender,5.5
1009899,4388954,Rodrygo,Rodrygo,RMA,unexpected,midfielder,7.5
1009899,4388955,Bellingham ,Jude,RMA,injured,midfielder,10
1009899,4388956,Guler,Arda,RMA,expected,midfielder,8
1009899,4388957,Endrick,Endrick,RMA,injured,forward,6.5
1009899,4388958,Mastantuono,Franco,RMA,expected,midfielder,6.5
1009899,4388959,Tchouameni,Aurelien,RMA,expected,midfielder,5.5
1009899,4388960,Valverde,Federico,RMA,expected,midfielder,7
1009899,4388961,Boril ,Jan,SLA,expected,defender,4.5
1009899,4388962,Stanek,Jindrich,SLA,expected,goalkeeper,4.5
1009899,4388963,Hashioka,Daiki,SLA,unexpected,defender,4
1009899,4388964,Chaloupek,Stepan,SLA,unexpected,defender,4
1009899,4388965,Markovic,Jakub,SLA,unexpected,goalkeeper,4
1009899,4388966,Zima,David,SLA,injured,defender,4
1009899,4388967,Ogbu ,Igoh,SLA,expected,defender,4
1009899,4388968,Mboji,Youssopha,SLA,unexpected,defender,4
1009899,4388969,Moses,David,SLA,expected,midfielder,4.5
1009899,4388970,Sanyang,Youssoupha,SLA,unexpected,midfielder,4.5
1009899,4388971,Holes,Tomas,SLA,expected,defender,4.5
1009899,4388972,Kusej,Vasil,SLA,expected,midfielder,5.5
1009899,4388973,Oscar,Oscar,SLA,expected,midfielder,5
1009899,4388974,Doudera,David,SLA,expected,midfielder,5
1009899,4388975,Prekop,Erik,SLA,unexpected,forward,5
1009899,4388976,Provod,Lukas,SLA,expected,midfielder,6
1009899,4388977,Vlcek ,Tomas,SLA,unexpected,defender,4
1009899,4388978,Zafeiris,Christos,SLA,possible,midfielder,5
1009899,4388979,Sadilek,Michal,SLA,expected,midfielder,4.5
1009899,4388980,Chory,Tomas,SLA,unexpected,forward,6.5
1009899,4388981,Cham,Muhammed,SLA,unexpected,midfielder,6
1009899,4388982,Schranz,Ivan,SLA,possible,midfielder,5
1009899,4388983,Chytil,Mojmír,SLA,expected,forward,5.5
1009899,4388984,Ioannidis ,Fotis,SCP,possible,forward,6
1009899,4388985,Araujo,Maximiliano,SCP,injured,midfielder,5.5
1009899,4388986,Goncalves,Pedro,SCP,expected,midfielder,7
1009899,4388987,St. Juste,Jeremiah,SCP,unexpected,defender,4
1009899,4388988,Trincao,Francisco,SCP,expected,midfielder,7.5
1009899,4388989,Suarez,Luis Javier ,SCP,expected,forward,6.5
1009899,4388990,Mangas,Ricardo,SCP,expected,defender,4.5
1009899,4388991,Morita,Hidemasa,SCP,injured,midfielder,4.5
1009899,4388992,Reis,Matheus,SCP,unexpected,defender,4.5
1009899,4388993,Quaresma,Eduardo,SCP,unexpected,defender,4.5
1009899,4388994,Debast,Zeno,SCP,expected,defender,4.5
1009899,4388995,Catamo,Geny,SCP,expected,midfielder,6
1009899,4388996,Santos,Nuno,SCP,injured,defender,4
1009899,4388997,Hjulmand,Morten,SCP,expected,midfielder,4.5
1009899,4388998,Braganca,Daniel,SCP,injured,midfielder,5.5
1009899,4388999,Vagiannidis,Georgios,SCP,expected,defender,4.5
1009899,4389000,Kochorashvili,Giorgi,SCP,expected,midfielder,4.5
1009899,4389001,Virginia,Joao,SCP,unexpected,goalkeeper,4
1009899,4389002,Inacio,Goncalo,SCP,expected,defender,5
1009899,4389003,Silva,Rui,SCP,expected,goalkeeper,4.5
1009899,4389004,Diomande,Ousmane,SCP,injured,defender,4.5
1009899,4389005,van de Ven,Micky,TOT,expected,defender,5
1009899,4389006,Kolo Muani,Randal,TOT,possible,forward,6.5
1009899,4389007,Romero,Cristian,TOT,expected,defender,5
1009899,4389008,Simons,Xavi,TOT,possible,midfielder,7.5
1009899,4389009,Udogie,Destiny,TOT,unexpected,defender,5
1009899,4389010,Danso ,Kevin,TOT,possible,defender,4.5
1009899,4389011,Palhinha,Joao,TOT,expected,midfielder,4.5
1009899,4389012,Kudus,Mohammed,TOT,expected,midfielder,7
1009899,4389013,Porro,Pedro,TOT,expected,defender,5.5
1009899,4389014,Austin,Brandon,TOT,unexpected,goalkeeper,4
1009899,4389015,Odobert,Wilson,TOT,unexpected,midfielder,6
1009899,4389016,Davies,Ben,TOT,unexpected,defender,4.5
1009899,4389017,Kinsky,Antonin,TOT,unexpected,goalkeeper,4.5
1009899,4389018,Solanke,Dominic,TOT,unexpected,forward,7
1009899,4389019,Johnson,Brennan,TOT,expected,midfielder,7.5
1009899,4389020,Bentancur,Rodrigo,TOT,expected,midfielder,4.5
1009899,4389021,Vicario ,Guglielmo,TOT,expected,goalkeeper,5
1009899,4389022,Bergvall,Lucas,TOT,possible,midfielder,4.5
1009899,4389023,Richarlison,Richarlison,TOT,expected,forward,8
1009899,4389024,Gray,Archie,TOT,unexpected,midfielder,4.5
1009899,4389025,Sarr,Pape Matar ,TOT,expected,midfielder,5.5
1009899,4389026,Spence,Djed,TOT,expected,defender,5
1009899,4389027,Zorgane,Adem,USG,expected,midfielder,5
1009899,4389028,Leysen,Fedde,USG,expected,defender,4.5
1009899,4389029,Van De Perre,Kamiel,USG,unexpected,midfielder,4.5
1009899,4389030,Khalaili,Anan,USG,expected,midfielder,4.5
1009899,4389031,Boufal,Sofiane,USG,unexpected,midfielder,5.5
1009899,4389032,Schoofs ,Rob,USG,unexpected,midfielder,5
1009899,4389033,Scherpen,Kjell,USG,expected,goalkeeper,4.5
1009899,4389034,Sykes,Ross,USG,possible,defender,4.5
1009899,4389035,Burgess ,Christian,USG,expected,defender,4.5
1009899,4389036,Fuseini,Mohammed,USG,unexpected,forward,5
1009899,4389037,David ,Promise,USG,possible,forward,6.5
1009899,4389038,Niang,Ousseynou,USG,expected,midfielder,4.5
1009899,4389039,Thierno Barry,Mamadou,USG,unexpected,defender,4
1009899,4389040,Smith,Guilherme,USG,unexpected,midfielder,4.5
1009899,4389041,Ait El Hadj,Anouar,USG,expected,midfielder,6
1009899,4389042,Rodriguez,Kevin,USG,expected,forward,5.5
1009899,4389043,Rasmussen,Mathias,USG,expected,midfielder,4.5
1009899,4389044,Chambaere,Vic,USG,unexpected,goalkeeper,4
1009899,4389045,Florucz,Raul,USG,expected,midfielder,6
1009899,4389046,Patris,Louis,USG,unexpected,defender,4.5
1009899,4389047,Mac Allister,Kevin,USG,expected,defender,4.5
1009899,4389048,Moleiro,Alberto,VIL,expected,midfielder,5.5
1009899,4389049,Kambwala ,Willy,VIL,injured,defender,4.5
1009899,4389050,Pedraza,Alfonso,VIL,unexpected,defender,4
1009899,4389051,Junior,Luiz,VIL,expected,goalkeeper,4.5
1009899,4389052,Tenas,Arnau,VIL,unexpected,goalkeeper,4
1009899,4389053,Moreno ,Gerard,VIL,unexpected,forward,5.5
1009899,4389054,Buchanan,Tajon,VIL,expected,midfielder,6.5
1009899,4389055,Perez,Ayoze,VIL,possible,forward,7.5
1009899,4389056,Oluwaseyi,Tani,VIL,unexpected,forward,5
1009899,4389057,Comesana,Santi,VIL,expected,midfielder,4.5
1009899,4389058,Akhomach,Ilias,VIL,unexpected,midfielder,5
1009899,4389059,Gueye,Pape,VIL,expected,midfielder,4.5
1009899,4389060,Cardona,Sergi,VIL,expected,defender,5
1009899,4389061,Mourino,Santiago,VIL,expected,defender,4.5
1009899,4389062,Altimira,Adria,VIL,unexpected,defender,4
1009899,4389063,Navarro,Pau,VIL,unexpected,defender,4
1009899,4389064,Foyth,Juan,VIL,expected,defender,4.5
1009899,4389065,Veiga,Renato,VIL,possible,defender,4.5
1009899,4389066,Solomon,Manor,VIL,unexpected,midfielder,6
1009899,4389067,Pepe,Nicolas,VIL,expected,midfielder,6
1009899,4389068,Mikautadze,Georges,VIL,expected,forward,7
1009899,4389069,Marin,Rafa,VIL,expected,defender,4.5
1009899,4389070,Conde,Diego,VIL,unexpected,goalkeeper,4.5
1009899,4389071,Partey,Thomas,VIL,possible,midfielder,4.5
1009899,4389072,Parejo,Dani,VIL,possible,midfielder,4.5
1009899,4389994,Pnevmonidis,Stavros,OLY,expected,midfielder,5
1009899,4389995,Mouzakitis,Christos,OLY,unexpected,midfielder,5